primary_keyword,secondary_keywords,search_intent,article_type,target_audience,status
OpenClaw tutorial,"learn OpenClaw, OpenClaw guide",informational,tutorial,beginners,pending
OpenClaw examples,"OpenClaw sample projects, OpenClaw demo",informational,showcase,developers,pending
OpenClaw plugins,"OpenClaw extensions, OpenClaw addons",informational,guide,developers,pending
OpenClaw API,"OpenClaw integration, OpenClaw REST API",informational,technical,developers,pending
OpenClaw pricing,"OpenClaw cost, OpenClaw plans",commercial,comparison,business,pending
OpenClaw vs AutoGPT,"OpenClaw comparison, AI agent frameworks",commercial,comparison,developers,pending
OpenClaw hosting,"deploy OpenClaw, OpenClaw cloud",informational,guide,developers,pending
OpenClaw security,"OpenClaw safety, AI agent security",informational,guide,business,pending
OpenClaw best practices,"OpenClaw tips, OpenClaw patterns",informational,guide,developers,pending
build chatbot with OpenClaw,"OpenClaw chatbot, AI chatbot",informational,tutorial,beginners,pending
OpenClaw automation,"OpenClaw workflow, business automation",informational,guide,business,pending
OpenClaw Python,"OpenClaw SDK, Python AI agents",informational,technical,developers,pending
OpenClaw JavaScript,"OpenClaw Node.js, JS AI agents",informational,technical,developers,pending
OpenClaw templates,"OpenClaw boilerplate, starter templates",informational,resources,developers,pending
OpenClaw community,"OpenClaw Discord, OpenClaw forum",informational,community,all,pending
OpenClaw roadmap,"OpenClaw features, upcoming releases",informational,news,users,pending
OpenClaw case studies,"OpenClaw success stories, examples",informational,case-study,business,pending
OpenClaw troubleshooting,"OpenClaw errors, fix OpenClaw",informational,guide,users,pending
OpenClaw updates,"OpenClaw changelog, new features",informational,news,users,pending
OpenClaw documentation,"OpenClaw docs, OpenClaw reference",informational,guide,all,pending
